Timestamp,Stress Probability (%),Latency (ms),LED State
13:05:2025:23:34:57,97.63%,124.619,ON
13:05:2025:23:34:57,96.27%,43.590,ON
13:05:2025:23:34:57,97.80%,41.984,ON
13:05:2025:23:34:58,91.70%,41.090,ON
13:05:2025:23:34:58,92.44%,42.677,ON
13:05:2025:23:34:58,98.92%,40.773,ON
13:05:2025:23:34:58,78.26%,42.973,ON
13:05:2025:23:34:58,54.23%,41.066,ON
13:05:2025:23:34:58,2.07%,43.146,OFF
13:05:2025:23:34:58,29.27%,43.350,OFF
13:05:2025:23:34:58,97.32%,42.089,ON
13:05:2025:23:34:58,95.84%,42.260,ON
13:05:2025:23:34:58,94.59%,46.070,ON
13:05:2025:23:34:58,98.73%,44.053,ON
13:05:2025:23:34:59,91.05%,45.945,ON
13:05:2025:23:34:59,95.72%,47.226,ON
13:05:2025:23:34:59,93.33%,42.722,ON
13:05:2025:23:34:59,47.02%,42.269,OFF
13:05:2025:23:34:59,37.27%,41.816,OFF
13:05:2025:23:34:59,9.13%,41.962,OFF
13:05:2025:23:34:59,94.80%,41.378,ON
13:05:2025:23:34:59,95.84%,39.957,ON
13:05:2025:23:34:59,95.39%,44.584,ON
13:05:2025:23:34:59,99.01%,40.170,ON
13:05:2025:23:34:59,87.42%,42.145,ON
13:05:2025:23:35:00,93.22%,42.208,ON
13:05:2025:23:35:00,98.18%,45.519,ON
13:05:2025:23:35:00,57.72%,44.570,ON
13:05:2025:23:35:00,46.53%,43.854,OFF
13:05:2025:23:35:00,2.67%,45.654,OFF
13:05:2025:23:35:00,82.37%,42.325,ON
13:05:2025:23:35:00,95.95%,44.898,ON
13:05:2025:23:35:00,95.36%,40.527,ON
13:05:2025:23:35:00,96.10%,43.184,ON
13:05:2025:23:35:00,92.52%,43.913,ON
13:05:2025:23:35:01,91.95%,39.600,ON
13:05:2025:23:35:01,98.69%,42.966,ON
13:05:2025:23:35:01,62.24%,40.952,ON
13:05:2025:23:35:01,46.61%,42.573,OFF
13:05:2025:23:35:01,0.53%,41.245,OFF
13:05:2025:23:35:01,47.45%,47.281,OFF
13:05:2025:23:35:01,97.23%,43.599,ON
13:05:2025:23:35:01,95.36%,42.843,ON
13:05:2025:23:35:01,95.96%,45.131,ON
13:05:2025:23:35:01,93.58%,42.416,ON
13:05:2025:23:35:01,89.48%,43.334,ON
13:05:2025:23:35:02,98.91%,54.595,ON
13:05:2025:23:35:02,79.50%,49.179,ON
13:05:2025:23:35:02,42.52%,41.158,OFF
13:05:2025:23:35:02,2.49%,43.011,OFF
13:05:2025:23:35:02,22.37%,42.745,OFF
13:05:2025:23:35:02,93.21%,42.514,ON
13:05:2025:23:35:02,94.46%,43.648,ON
13:05:2025:23:35:02,95.13%,41.761,ON
13:05:2025:23:35:02,97.32%,44.642,ON
13:05:2025:23:35:02,89.51%,42.380,ON
13:05:2025:23:35:03,96.02%,44.590,ON
13:05:2025:23:35:03,94.67%,42.909,ON
13:05:2025:23:35:03,53.23%,44.958,ON
13:05:2025:23:35:03,34.83%,42.025,OFF
13:05:2025:23:35:03,3.74%,41.507,OFF
13:05:2025:23:35:03,92.97%,41.361,ON
13:05:2025:23:35:03,93.83%,39.556,ON
13:05:2025:23:35:03,94.70%,41.335,ON
13:05:2025:23:35:03,98.77%,44.728,ON
13:05:2025:23:35:03,89.63%,40.970,ON
13:05:2025:23:35:03,93.42%,44.248,ON
13:05:2025:23:35:04,97.72%,44.807,ON
13:05:2025:23:35:04,51.35%,45.704,ON
13:05:2025:23:35:04,52.72%,45.072,ON
13:05:2025:23:35:04,0.96%,45.469,OFF
13:05:2025:23:35:04,59.14%,43.599,ON
13:05:2025:23:35:04,97.63%,42.704,ON
13:05:2025:23:35:04,93.80%,41.910,ON
13:05:2025:23:35:04,95.67%,41.032,ON
13:05:2025:23:35:04,92.74%,42.960,ON
13:05:2025:23:35:04,92.89%,47.585,ON
13:05:2025:23:35:05,98.47%,43.031,ON
13:05:2025:23:35:05,60.43%,41.928,ON
13:05:2025:23:35:05,51.45%,43.916,ON
13:05:2025:23:35:05,0.31%,42.392,OFF
13:05:2025:23:35:05,32.85%,42.034,OFF
13:05:2025:23:35:05,96.81%,43.213,ON
13:05:2025:23:35:05,95.18%,45.523,ON
13:05:2025:23:35:05,95.16%,41.722,ON
13:05:2025:23:35:05,93.39%,47.161,ON
13:05:2025:23:35:05,86.83%,41.039,ON
13:05:2025:23:35:05,97.40%,42.872,ON
13:05:2025:23:35:06,83.27%,43.676,ON
13:05:2025:23:35:06,50.76%,45.473,ON
13:05:2025:23:35:06,4.29%,43.781,OFF
13:05:2025:23:35:06,23.27%,42.455,OFF
13:05:2025:23:35:06,96.20%,42.634,ON
13:05:2025:23:35:06,95.50%,41.797,ON
13:05:2025:23:35:06,95.74%,47.350,ON
13:05:2025:23:35:06,98.54%,42.396,ON
13:05:2025:23:35:06,89.89%,43.958,ON
13:05:2025:23:35:06,95.75%,46.056,ON
13:05:2025:23:35:07,92.63%,44.410,ON
13:05:2025:23:35:07,53.44%,45.536,ON
13:05:2025:23:35:07,46.01%,44.261,OFF
13:05:2025:23:35:07,4.12%,41.232,OFF
13:05:2025:23:35:07,95.18%,43.555,ON
13:05:2025:23:35:07,96.26%,46.157,ON
13:05:2025:23:35:07,95.79%,41.190,ON
13:05:2025:23:35:07,98.30%,43.525,ON
13:05:2025:23:35:07,91.75%,39.853,ON
13:05:2025:23:35:07,94.88%,44.315,ON
13:05:2025:23:35:07,97.53%,50.473,ON
13:05:2025:23:35:08,62.77%,43.201,ON
13:05:2025:23:35:08,62.22%,44.107,ON
13:05:2025:23:35:08,0.76%,44.218,OFF
13:05:2025:23:35:08,68.33%,46.712,ON
13:05:2025:23:35:08,97.94%,43.297,ON
13:05:2025:23:35:08,97.30%,40.334,ON
13:05:2025:23:35:08,95.59%,41.770,ON
13:05:2025:23:35:08,96.27%,53.368,ON
13:05:2025:23:35:08,97.45%,40.309,ON
13:05:2025:23:35:08,98.62%,40.089,ON
13:05:2025:23:35:09,70.78%,42.012,ON
13:05:2025:23:35:09,57.22%,42.831,ON
13:05:2025:23:35:09,0.50%,46.538,OFF
13:05:2025:23:35:09,39.53%,41.452,OFF
13:05:2025:23:35:09,97.55%,43.799,ON
13:05:2025:23:35:09,95.42%,43.693,ON
13:05:2025:23:35:09,96.51%,41.260,ON
13:05:2025:23:35:09,93.19%,44.389,ON
13:05:2025:23:35:09,92.53%,39.824,ON
13:05:2025:23:35:09,98.86%,41.210,ON
13:05:2025:23:35:09,82.89%,41.860,ON
13:05:2025:23:35:10,55.87%,43.212,ON
13:05:2025:23:35:10,22.98%,40.498,OFF
13:05:2025:23:35:10,10.18%,41.318,OFF
13:05:2025:23:35:10,97.58%,42.059,ON
13:05:2025:23:35:10,96.32%,41.666,ON
13:05:2025:23:35:10,96.47%,43.221,ON
13:05:2025:23:35:10,97.84%,40.216,ON
13:05:2025:23:35:10,89.89%,41.342,ON
13:05:2025:23:35:10,98.28%,43.047,ON
13:05:2025:23:35:10,88.91%,47.072,ON
13:05:2025:23:35:10,58.44%,44.844,ON
13:05:2025:23:35:11,67.33%,40.725,ON
13:05:2025:23:35:11,4.20%,42.548,OFF
13:05:2025:23:35:11,90.88%,41.729,ON
13:05:2025:23:35:11,94.87%,42.221,ON
13:05:2025:23:35:11,93.42%,39.904,ON
13:05:2025:23:35:11,96.47%,41.811,ON
13:05:2025:23:35:11,92.47%,43.443,ON
13:05:2025:23:35:11,94.87%,46.264,ON
13:05:2025:23:35:11,98.66%,44.135,ON
13:05:2025:23:35:11,67.85%,46.325,ON
13:05:2025:23:35:12,64.10%,41.229,ON
13:05:2025:23:35:12,0.84%,44.554,OFF
13:05:2025:23:35:12,65.90%,44.423,ON
13:05:2025:23:35:12,97.24%,44.686,ON
13:05:2025:23:35:12,94.88%,42.035,ON
13:05:2025:23:35:12,96.70%,42.472,ON
13:05:2025:23:35:12,92.33%,45.282,ON
13:05:2025:23:35:12,93.67%,44.429,ON
13:05:2025:23:35:12,96.95%,40.854,ON
13:05:2025:23:35:12,61.18%,41.172,ON
13:05:2025:23:35:12,4.78%,49.457,OFF
13:05:2025:23:35:13,93.42%,41.584,ON
13:05:2025:23:35:13,94.54%,43.371,ON
13:05:2025:23:35:13,91.92%,41.707,ON
13:05:2025:23:35:13,89.27%,44.243,ON
13:05:2025:23:35:13,98.75%,44.558,ON
13:05:2025:23:35:13,73.42%,41.429,ON
13:05:2025:23:35:13,57.16%,43.525,ON
13:05:2025:23:35:13,0.89%,40.992,OFF
13:05:2025:23:35:13,44.04%,40.775,OFF
13:05:2025:23:35:13,97.23%,43.822,ON
13:05:2025:23:35:14,97.61%,42.676,ON
13:05:2025:23:35:14,95.41%,40.082,ON
13:05:2025:23:35:14,97.31%,43.006,ON
13:05:2025:23:35:14,95.74%,44.129,ON
13:05:2025:23:35:14,97.04%,41.107,ON
13:05:2025:23:35:14,74.60%,48.782,ON
13:05:2025:23:35:14,45.94%,43.524,OFF
13:05:2025:23:35:14,13.95%,43.502,OFF
13:05:2025:23:35:14,32.09%,43.689,OFF
13:05:2025:23:35:14,97.43%,44.528,ON
13:05:2025:23:35:14,94.71%,41.956,ON
13:05:2025:23:35:15,95.36%,41.340,ON
13:05:2025:23:35:15,95.77%,44.867,ON
13:05:2025:23:35:15,91.28%,136.904,ON
13:05:2025:23:35:15,97.53%,40.113,ON
13:05:2025:23:35:15,92.53%,41.108,ON
13:05:2025:23:35:15,56.16%,41.273,ON
13:05:2025:23:35:15,60.40%,43.080,ON
13:05:2025:23:35:15,12.18%,41.141,OFF
13:05:2025:23:35:15,81.54%,44.564,ON
13:05:2025:23:35:16,96.02%,45.023,ON
13:05:2025:23:35:16,89.25%,42.928,ON
13:05:2025:23:35:16,97.70%,48.959,ON
13:05:2025:23:35:16,88.60%,42.775,ON
13:05:2025:23:35:16,98.69%,42.304,ON
13:05:2025:23:35:16,91.17%,42.075,ON
13:05:2025:23:35:16,38.27%,42.948,OFF
13:05:2025:23:35:16,66.97%,43.085,ON
13:05:2025:23:35:16,1.40%,39.292,OFF
13:05:2025:23:35:16,73.41%,43.649,ON
13:05:2025:23:35:16,86.33%,41.990,ON
13:05:2025:23:35:17,87.64%,46.235,ON
13:05:2025:23:35:17,88.47%,41.539,ON
13:05:2025:23:35:17,96.14%,45.975,ON
13:05:2025:23:35:17,94.08%,44.092,ON
13:05:2025:23:35:17,98.25%,44.776,ON
13:05:2025:23:35:17,70.99%,44.081,ON
13:05:2025:23:35:17,72.88%,41.528,ON
13:05:2025:23:35:17,2.96%,41.764,OFF
13:05:2025:23:35:17,68.06%,40.928,ON
13:05:2025:23:35:17,98.04%,47.400,ON
13:05:2025:23:35:17,95.93%,42.617,ON
13:05:2025:23:35:18,95.42%,41.362,ON
13:05:2025:23:35:18,98.70%,41.030,ON
13:05:2025:23:35:18,95.72%,40.699,ON
13:05:2025:23:35:18,98.75%,43.659,ON
13:05:2025:23:35:18,83.34%,42.649,ON
13:05:2025:23:35:18,61.20%,45.321,ON
13:05:2025:23:35:18,4.47%,44.679,OFF
13:05:2025:23:35:18,53.78%,46.986,ON
13:05:2025:23:35:18,97.82%,52.894,ON
13:05:2025:23:35:18,94.16%,40.302,ON
13:05:2025:23:35:19,92.21%,41.617,ON
13:05:2025:23:35:19,98.99%,40.707,ON
13:05:2025:23:35:19,93.01%,62.489,ON
13:05:2025:23:35:19,98.68%,47.263,ON
13:05:2025:23:35:19,91.29%,44.736,ON
13:05:2025:23:35:19,44.48%,41.611,OFF
13:05:2025:23:35:19,58.84%,46.551,ON
13:05:2025:23:35:19,16.15%,44.032,OFF
13:05:2025:23:35:19,87.93%,42.144,ON
13:05:2025:23:35:19,96.16%,47.057,ON
13:05:2025:23:35:20,93.60%,49.586,ON
13:05:2025:23:35:20,91.92%,44.202,ON
13:05:2025:23:35:20,94.86%,41.961,ON
13:05:2025:23:35:20,94.45%,40.165,ON
13:05:2025:23:35:20,96.26%,41.639,ON
13:05:2025:23:35:20,57.27%,44.122,ON
13:05:2025:23:35:20,58.36%,42.775,ON
13:05:2025:23:35:20,2.28%,40.526,OFF
13:05:2025:23:35:20,61.35%,43.279,ON
13:05:2025:23:35:20,97.91%,41.151,ON
13:05:2025:23:35:20,98.72%,41.294,ON
13:05:2025:23:35:21,97.42%,41.650,ON
13:05:2025:23:35:21,99.03%,44.651,ON
13:05:2025:23:35:21,98.91%,44.601,ON
13:05:2025:23:35:21,98.17%,46.138,ON
13:05:2025:23:35:21,74.01%,43.278,ON
13:05:2025:23:35:21,60.04%,41.803,ON
13:05:2025:23:35:21,2.01%,41.887,OFF
13:05:2025:23:35:21,49.04%,42.610,OFF
13:05:2025:23:35:21,98.75%,41.819,ON
13:05:2025:23:35:21,96.79%,42.841,ON
13:05:2025:23:35:22,94.55%,40.943,ON
13:05:2025:23:35:22,98.95%,41.128,ON
13:05:2025:23:35:22,95.35%,44.715,ON
13:05:2025:23:35:22,98.68%,41.804,ON
13:05:2025:23:35:22,85.41%,41.806,ON
13:05:2025:23:35:22,55.81%,41.815,ON
13:05:2025:23:35:22,43.46%,43.218,OFF
13:05:2025:23:35:22,31.94%,42.821,OFF
13:05:2025:23:35:22,96.94%,44.294,ON
13:05:2025:23:35:22,98.59%,41.191,ON
13:05:2025:23:35:22,98.92%,41.319,ON
13:05:2025:23:35:23,98.99%,43.490,ON
13:05:2025:23:35:23,93.43%,41.114,ON
13:05:2025:23:35:23,97.74%,42.348,ON
13:05:2025:23:35:23,97.06%,40.467,ON
13:05:2025:23:35:23,81.06%,44.228,ON
13:05:2025:23:35:23,67.58%,40.082,ON
13:05:2025:23:35:23,10.88%,42.920,OFF
13:05:2025:23:35:23,94.51%,41.398,ON
13:05:2025:23:35:23,96.79%,43.355,ON
13:05:2025:23:35:23,96.19%,45.210,ON
13:05:2025:23:35:23,95.43%,42.704,ON
13:05:2025:23:35:24,97.96%,45.364,ON
13:05:2025:23:35:24,98.56%,42.068,ON
13:05:2025:23:35:24,97.09%,42.250,ON
13:05:2025:23:35:24,68.71%,41.928,ON
13:05:2025:23:35:24,75.34%,43.848,ON
13:05:2025:23:35:24,4.02%,40.682,OFF
13:05:2025:23:35:24,87.61%,39.236,ON
13:05:2025:23:35:24,97.05%,45.340,ON
13:05:2025:23:35:24,92.48%,43.562,ON
13:05:2025:23:35:24,93.81%,46.844,ON
13:05:2025:23:35:25,95.23%,41.759,ON
13:05:2025:23:35:25,91.16%,43.888,ON
13:05:2025:23:35:25,98.99%,44.097,ON
13:05:2025:23:35:25,88.08%,44.346,ON
13:05:2025:23:35:25,53.10%,43.690,ON
13:05:2025:23:35:25,4.88%,40.958,OFF
13:05:2025:23:35:25,71.17%,44.493,ON
13:05:2025:23:35:25,98.57%,42.190,ON
13:05:2025:23:35:25,96.10%,47.171,ON
13:05:2025:23:35:25,97.21%,39.570,ON
13:05:2025:23:35:25,96.38%,40.742,ON
13:05:2025:23:35:26,93.84%,44.276,ON
13:05:2025:23:35:26,98.63%,39.983,ON
13:05:2025:23:35:26,88.36%,44.594,ON
13:05:2025:23:35:26,81.22%,40.976,ON
13:05:2025:23:35:26,74.19%,46.129,ON
13:05:2025:23:35:26,18.59%,43.051,OFF
13:05:2025:23:35:26,97.14%,43.584,ON
13:05:2025:23:35:26,98.61%,43.034,ON
13:05:2025:23:35:26,97.44%,41.247,ON
13:05:2025:23:35:26,98.80%,45.442,ON
13:05:2025:23:35:27,94.56%,41.949,ON
13:05:2025:23:35:27,98.98%,40.561,ON
13:05:2025:23:35:27,92.58%,40.580,ON
13:05:2025:23:35:27,59.82%,44.168,ON
13:05:2025:23:35:27,68.54%,44.280,ON
13:05:2025:23:35:27,16.11%,40.244,OFF
13:05:2025:23:35:27,96.72%,42.915,ON
13:05:2025:23:35:27,95.63%,40.870,ON
13:05:2025:23:35:27,93.95%,44.508,ON
13:05:2025:23:35:27,94.00%,43.147,ON
13:05:2025:23:35:27,93.22%,44.756,ON
13:05:2025:23:35:28,96.54%,42.530,ON
13:05:2025:23:35:28,97.98%,44.255,ON
13:05:2025:23:35:28,1.22%,40.979,OFF
13:05:2025:23:35:28,96.58%,40.822,ON
13:05:2025:23:35:28,96.49%,47.090,ON
13:05:2025:23:35:28,92.78%,42.013,ON
13:05:2025:23:35:28,86.61%,40.759,ON
13:05:2025:23:35:28,97.49%,41.772,ON
13:05:2025:23:35:28,92.58%,42.450,ON
13:05:2025:23:35:28,66.55%,43.436,ON
13:05:2025:23:35:28,56.62%,44.654,ON
13:05:2025:23:35:29,18.02%,43.838,OFF
13:05:2025:23:35:29,97.85%,43.962,ON
13:05:2025:23:35:29,96.62%,43.225,ON
13:05:2025:23:35:29,97.11%,48.003,ON
13:05:2025:23:35:29,98.48%,42.375,ON
13:05:2025:23:35:29,86.02%,42.070,ON
13:05:2025:23:35:29,93.09%,42.336,ON
13:05:2025:23:35:29,97.55%,42.370,ON
13:05:2025:23:35:29,68.26%,42.713,ON
13:05:2025:23:35:29,68.78%,45.454,ON
13:05:2025:23:35:30,8.06%,43.151,OFF
13:05:2025:23:35:30,93.13%,42.663,ON
13:05:2025:23:35:30,97.97%,43.648,ON
13:05:2025:23:35:30,97.51%,44.636,ON
13:05:2025:23:35:30,98.51%,42.901,ON
13:05:2025:23:35:30,86.96%,45.005,ON
13:05:2025:23:35:30,91.87%,45.085,ON
13:05:2025:23:35:30,99.00%,47.985,ON
13:05:2025:23:35:30,77.45%,42.535,ON
13:05:2025:23:35:30,67.14%,42.382,ON
13:05:2025:23:35:30,2.16%,41.455,OFF
13:05:2025:23:35:31,80.74%,42.074,ON
13:05:2025:23:35:31,98.82%,41.577,ON
13:05:2025:23:35:31,96.20%,40.873,ON
13:05:2025:23:35:31,96.96%,42.020,ON
13:05:2025:23:35:31,90.03%,42.404,ON
13:05:2025:23:35:31,87.60%,47.732,ON
13:05:2025:23:35:31,98.73%,42.064,ON
13:05:2025:23:35:31,87.57%,41.616,ON
13:05:2025:23:35:31,73.85%,42.799,ON
13:05:2025:23:35:31,2.19%,47.282,OFF
13:05:2025:23:35:32,58.46%,43.157,ON
13:05:2025:23:35:32,98.82%,40.648,ON
13:05:2025:23:35:32,96.45%,42.122,ON
13:05:2025:23:35:32,94.52%,41.356,ON
13:05:2025:23:35:32,95.56%,46.520,ON
13:05:2025:23:35:32,87.95%,40.541,ON
13:05:2025:23:35:32,96.17%,42.050,ON
13:05:2025:23:35:32,94.93%,42.972,ON
13:05:2025:23:35:32,76.14%,45.503,ON
13:05:2025:23:35:32,78.12%,41.559,ON
13:05:2025:23:35:32,23.64%,42.380,OFF
13:05:2025:23:35:33,98.16%,45.546,ON
13:05:2025:23:35:33,96.91%,43.387,ON
13:05:2025:23:35:33,93.91%,48.140,ON
13:05:2025:23:35:33,95.76%,40.218,ON
13:05:2025:23:35:33,83.27%,41.874,ON
13:05:2025:23:35:33,90.04%,40.509,ON
13:05:2025:23:35:33,96.69%,41.915,ON
13:05:2025:23:35:33,76.89%,41.875,ON
13:05:2025:23:35:33,86.54%,39.317,ON
13:05:2025:23:35:33,15.98%,45.150,OFF
13:05:2025:23:35:34,94.85%,43.630,ON
13:05:2025:23:35:34,98.13%,46.646,ON
13:05:2025:23:35:34,92.14%,42.545,ON
13:05:2025:23:35:34,85.22%,41.778,ON
13:05:2025:23:35:34,85.43%,44.026,ON
13:05:2025:23:35:34,85.65%,44.276,ON
13:05:2025:23:35:34,96.27%,42.678,ON
13:05:2025:23:35:34,86.30%,44.900,ON
13:05:2025:23:35:34,82.49%,41.865,ON
13:05:2025:23:35:34,9.05%,42.302,OFF
13:05:2025:23:35:34,91.55%,47.391,ON
13:05:2025:23:35:35,98.16%,40.555,ON
13:05:2025:23:35:35,89.20%,39.985,ON
13:05:2025:23:35:35,83.46%,45.728,ON
13:05:2025:23:35:35,82.91%,39.983,ON
13:05:2025:23:35:35,80.17%,44.762,ON
13:05:2025:23:35:35,93.02%,40.681,ON
13:05:2025:23:35:35,87.96%,41.128,ON
13:05:2025:23:35:35,78.76%,43.882,ON
13:05:2025:23:35:35,13.51%,45.984,OFF
13:05:2025:23:35:35,73.64%,42.642,ON
13:05:2025:23:35:35,98.07%,42.432,ON
13:05:2025:23:35:36,91.66%,43.099,ON
13:05:2025:23:35:36,80.85%,40.305,ON
13:05:2025:23:35:36,82.38%,41.130,ON
13:05:2025:23:35:36,76.40%,43.683,ON
13:05:2025:23:35:36,89.10%,42.134,ON
13:05:2025:23:35:36,90.61%,45.316,ON
13:05:2025:23:35:36,75.71%,41.796,ON
13:05:2025:23:35:36,91.29%,42.171,ON
13:05:2025:23:35:36,49.21%,42.172,OFF
13:05:2025:23:35:36,97.47%,46.216,ON
13:05:2025:23:35:37,94.26%,41.659,ON
13:05:2025:23:35:37,86.78%,43.943,ON
13:05:2025:23:35:37,91.58%,43.348,ON
13:05:2025:23:35:37,80.97%,40.572,ON
13:05:2025:23:35:37,86.05%,41.857,ON
13:05:2025:23:35:37,96.76%,43.592,ON
13:05:2025:23:35:37,82.03%,41.260,ON
13:05:2025:23:35:37,83.49%,42.434,ON
13:05:2025:23:35:37,12.97%,39.962,OFF
13:05:2025:23:35:37,95.01%,42.374,ON
13:05:2025:23:35:37,98.18%,41.594,ON
13:05:2025:23:35:38,92.81%,42.183,ON
13:05:2025:23:35:38,92.83%,40.852,ON
13:05:2025:23:35:38,84.48%,42.578,ON
13:05:2025:23:35:38,86.96%,45.688,ON
13:05:2025:23:35:38,98.15%,43.290,ON
13:05:2025:23:35:38,88.75%,46.040,ON
13:05:2025:23:35:38,79.44%,42.478,ON
13:05:2025:23:35:38,3.70%,41.473,OFF
13:05:2025:23:35:38,87.18%,41.694,ON
13:05:2025:23:35:38,98.97%,43.306,ON
13:05:2025:23:35:39,96.41%,42.715,ON
13:05:2025:23:35:39,95.39%,42.206,ON
13:05:2025:23:35:39,89.81%,46.148,ON
13:05:2025:23:35:39,88.13%,42.927,ON
13:05:2025:23:35:39,98.68%,42.240,ON
13:05:2025:23:35:39,92.58%,42.709,ON
13:05:2025:23:35:39,72.20%,44.549,ON
13:05:2025:23:35:39,7.66%,43.912,OFF
13:05:2025:23:35:39,57.79%,43.408,ON
13:05:2025:23:35:39,98.70%,44.472,ON
13:05:2025:23:35:39,96.73%,41.282,ON
13:05:2025:23:35:40,95.28%,46.602,ON
13:05:2025:23:35:40,96.28%,41.876,ON
13:05:2025:23:35:40,87.38%,61.955,ON
13:05:2025:23:35:40,95.65%,40.879,ON
13:05:2025:23:35:40,95.18%,41.080,ON
13:05:2025:23:35:40,66.91%,44.890,ON
13:05:2025:23:35:40,68.24%,41.361,ON
13:05:2025:23:35:40,14.39%,45.572,OFF
13:05:2025:23:35:40,97.79%,41.917,ON
13:05:2025:23:35:40,97.45%,55.794,ON
13:05:2025:23:35:41,96.53%,44.205,ON
13:05:2025:23:35:41,98.77%,43.971,ON
13:05:2025:23:35:41,88.60%,51.009,ON
13:05:2025:23:35:41,93.14%,42.929,ON
13:05:2025:23:35:41,98.15%,42.966,ON
13:05:2025:23:35:41,64.93%,42.207,ON
13:05:2025:23:35:41,67.37%,42.742,ON
13:05:2025:23:35:41,2.43%,47.876,OFF
13:05:2025:23:35:41,87.03%,52.208,ON
13:05:2025:23:35:41,97.60%,42.502,ON
13:05:2025:23:35:41,96.29%,42.785,ON
13:05:2025:23:35:42,96.26%,42.860,ON
13:05:2025:23:35:42,91.24%,42.396,ON
13:05:2025:23:35:42,91.98%,41.429,ON
13:05:2025:23:35:42,98.91%,44.739,ON
13:05:2025:23:35:42,76.48%,42.866,ON
13:05:2025:23:35:42,62.61%,40.847,ON
13:05:2025:23:35:42,1.18%,43.564,OFF
13:05:2025:23:35:42,57.30%,42.207,ON
13:05:2025:23:35:42,98.08%,40.294,ON
13:05:2025:23:35:42,96.61%,44.627,ON
13:05:2025:23:35:43,96.64%,41.720,ON
13:05:2025:23:35:43,92.75%,41.972,ON
13:05:2025:23:35:43,88.87%,40.681,ON
13:05:2025:23:35:43,98.98%,43.451,ON
13:05:2025:23:35:43,6.30%,42.793,OFF
13:05:2025:23:35:43,95.44%,47.505,ON
13:05:2025:23:35:43,97.56%,42.193,ON
13:05:2025:23:35:43,92.80%,43.555,ON
13:05:2025:23:35:43,98.95%,42.710,ON
13:05:2025:23:35:43,95.64%,41.016,ON
13:05:2025:23:35:43,67.07%,41.149,ON
13:05:2025:23:35:44,54.16%,41.751,ON
13:05:2025:23:35:44,19.00%,42.494,OFF
13:05:2025:23:35:44,96.71%,43.310,ON
13:05:2025:23:35:44,95.25%,43.148,ON
13:05:2025:23:35:44,96.94%,41.920,ON
13:05:2025:23:35:44,99.01%,41.506,ON
13:05:2025:23:35:44,89.07%,50.180,ON
13:05:2025:23:35:44,96.27%,41.915,ON
13:05:2025:23:35:44,95.82%,42.973,ON
13:05:2025:23:35:44,59.69%,41.764,ON
13:05:2025:23:35:45,56.96%,41.968,ON
13:05:2025:23:35:45,1.83%,42.803,OFF
13:05:2025:23:35:45,79.43%,45.250,ON
13:05:2025:23:35:45,97.86%,41.523,ON
13:05:2025:23:35:45,97.73%,41.709,ON
13:05:2025:23:35:45,96.92%,50.409,ON
13:05:2025:23:35:45,91.36%,39.331,ON
13:05:2025:23:35:45,94.74%,41.131,ON
13:05:2025:23:35:45,98.78%,43.573,ON
13:05:2025:23:35:45,78.96%,41.093,ON
13:05:2025:23:35:45,64.54%,41.126,ON
13:05:2025:23:35:46,1.86%,43.959,OFF
13:05:2025:23:35:46,79.24%,42.459,ON
13:05:2025:23:35:46,95.07%,46.226,ON
13:05:2025:23:35:46,93.65%,44.718,ON
13:05:2025:23:35:46,94.38%,44.933,ON
13:05:2025:23:35:46,91.21%,42.258,ON
13:05:2025:23:35:46,87.85%,42.972,ON
13:05:2025:23:35:46,98.80%,43.405,ON
13:05:2025:23:35:46,81.57%,40.956,ON
13:05:2025:23:35:46,71.65%,45.521,ON
13:05:2025:23:35:46,2.08%,41.344,OFF
13:05:2025:23:35:47,58.82%,42.862,ON
13:05:2025:23:35:47,97.99%,41.545,ON
13:05:2025:23:35:47,96.60%,44.300,ON
13:05:2025:23:35:47,97.67%,41.759,ON
13:05:2025:23:35:47,95.09%,44.787,ON
13:05:2025:23:35:47,90.16%,41.352,ON
13:05:2025:23:35:47,96.65%,54.360,ON
13:05:2025:23:35:47,93.78%,45.848,ON
13:05:2025:23:35:47,64.50%,40.354,ON
13:05:2025:23:35:47,48.91%,43.146,OFF
13:05:2025:23:35:48,7.65%,40.362,OFF
13:05:2025:23:35:48,93.15%,41.723,ON
13:05:2025:23:35:48,92.76%,40.205,ON
13:05:2025:23:35:48,94.61%,44.987,ON
13:05:2025:23:35:48,98.95%,43.256,ON
13:05:2025:23:35:48,88.18%,43.003,ON
13:05:2025:23:35:48,97.17%,45.483,ON
13:05:2025:23:35:48,94.33%,43.132,ON
13:05:2025:23:35:48,69.50%,44.842,ON
13:05:2025:23:35:48,68.47%,44.332,ON
13:05:2025:23:35:48,0.78%,41.774,OFF
13:05:2025:23:35:49,80.52%,44.301,ON
13:05:2025:23:35:49,90.56%,43.453,ON
13:05:2025:23:35:49,95.97%,41.292,ON
13:05:2025:23:35:49,97.05%,42.176,ON
13:05:2025:23:35:49,89.45%,48.202,ON
13:05:2025:23:35:49,92.22%,41.785,ON
13:05:2025:23:35:49,98.06%,41.912,ON
13:05:2025:23:35:49,74.38%,40.020,ON
13:05:2025:23:35:49,76.09%,41.366,ON
13:05:2025:23:35:49,0.31%,49.496,OFF
13:05:2025:23:35:50,75.59%,44.233,ON
13:05:2025:23:35:50,96.43%,44.059,ON
13:05:2025:23:35:50,95.52%,42.512,ON
13:05:2025:23:35:50,96.16%,45.969,ON
13:05:2025:23:35:50,93.08%,42.002,ON
13:05:2025:23:35:50,94.13%,41.380,ON
13:05:2025:23:35:50,98.11%,40.017,ON
13:05:2025:23:35:50,93.19%,42.716,ON
13:05:2025:23:35:50,87.76%,41.245,ON
13:05:2025:23:35:50,1.49%,39.953,OFF
13:05:2025:23:35:50,32.16%,42.073,OFF
13:05:2025:23:35:51,88.33%,40.203,ON
13:05:2025:23:35:51,91.82%,43.882,ON
13:05:2025:23:35:51,96.69%,41.580,ON
13:05:2025:23:35:51,96.03%,46.867,ON
13:05:2025:23:35:51,92.80%,43.072,ON
13:05:2025:23:35:51,97.24%,44.292,ON
13:05:2025:23:35:51,89.90%,44.461,ON
13:05:2025:23:35:51,50.97%,42.125,ON
13:05:2025:23:35:51,48.91%,42.108,OFF
13:05:2025:23:35:51,18.53%,41.667,OFF
13:05:2025:23:35:52,95.83%,45.429,ON
13:05:2025:23:35:52,95.14%,40.267,ON
13:05:2025:23:35:52,98.44%,44.078,ON
13:05:2025:23:35:52,98.98%,43.365,ON
13:05:2025:23:35:52,90.43%,41.950,ON
13:05:2025:23:35:52,96.55%,41.323,ON
13:05:2025:23:35:52,97.62%,41.261,ON
13:05:2025:23:35:52,56.21%,42.379,ON
13:05:2025:23:35:52,58.78%,43.797,ON
13:05:2025:23:35:52,2.18%,48.459,OFF
13:05:2025:23:35:52,88.12%,41.806,ON
13:05:2025:23:35:53,97.93%,41.047,ON
13:05:2025:23:35:53,95.72%,43.034,ON
13:05:2025:23:35:53,95.55%,41.253,ON
13:05:2025:23:35:53,93.72%,44.208,ON
13:05:2025:23:35:53,93.47%,44.758,ON
13:05:2025:23:35:53,98.64%,47.211,ON
13:05:2025:23:35:53,51.85%,43.657,ON
13:05:2025:23:35:53,70.76%,43.236,ON
13:05:2025:23:35:53,0.48%,44.294,OFF
13:05:2025:23:35:53,65.04%,42.281,ON
13:05:2025:23:35:54,97.59%,44.606,ON
13:05:2025:23:35:54,97.31%,42.112,ON
13:05:2025:23:35:54,96.41%,45.108,ON
13:05:2025:23:35:54,94.30%,42.518,ON
13:05:2025:23:35:54,92.86%,41.670,ON
13:05:2025:23:35:54,98.85%,44.914,ON
13:05:2025:23:35:54,81.87%,44.083,ON
13:05:2025:23:35:54,56.70%,41.821,ON
13:05:2025:23:35:54,1.19%,42.534,OFF
13:05:2025:23:35:54,19.20%,41.371,OFF
13:05:2025:23:35:54,97.22%,43.305,ON
13:05:2025:23:35:55,95.03%,40.865,ON
13:05:2025:23:35:55,97.65%,42.700,ON
13:05:2025:23:35:55,95.72%,42.090,ON
13:05:2025:23:35:55,92.49%,43.789,ON
13:05:2025:23:35:55,99.02%,46.638,ON
13:05:2025:23:35:55,91.55%,43.388,ON
13:05:2025:23:35:55,39.59%,43.858,OFF
13:05:2025:23:35:55,38.10%,40.778,OFF
13:05:2025:23:35:55,10.05%,42.245,OFF
